Post Time,Ticker,Table Names,Title,Upvotes,Upvote Ratio,Post Type,F5,Comments
12/18/2020 2:31:31 AM,KTPI,12_17_1336.txt,b'KTPI - Vaccine SZN,1,0.67,DD,1608258691,0
12/18/2020 2:19:18 AM,KTPI,12_17_1336.txt,b'KTPI - Vaccine SZN,2,1,DD,1608257958,3
12/18/2020 2:10:38 AM,SKLZ,12_17_1336.txt,b'SKLZ to the moon,6,1,DD,1608257438,0
12/18/2020 2:03:55 AM,NNOX,12_17_1336.txt,b'$NNOX is the $TSLA of healthcare. Strap in Autists \xf0\x9f\x9a\x80\xf0\x9f\x9a\x80\xf0\x9f\x9a\x80,3,0.71,Discussion,1608257035,5
12/18/2020 1:49:23 AM,PLUG,12_17_1336.txt,b'PLUG: $1K to $130K. 7 years in the making. Sold a year ago and then FOMO\xe2\x80\x99ed 3 days later.,65,0.98,Gain,1608256163,12
12/18/2020 1:40:47 AM,TSLA,12_17_1336.txt,"b'In your face Cramer! Huge moment for me! TSLA, RUN, IRTC, TAN",35,0.97,Gain,1608255647,8
12/18/2020 1:30:43 AM,TIME,12_17_1336.txt,b'TIME TO GO ALL IN NVDA LEAPS,13,0.88,Technicals,1608255043,9
12/18/2020 1:03:31 AM,VALE,12_17_1336.txt,b'DD: Why you should be playing VALE instead of MT (if you had to choose one),41,0.82,DD,1608253411,35
12/18/2020 12:36:23 AM,HODL,12_17_1336.txt,b'HODL TIL EXPIRATION BABYYYYYY,30,0.97,YOLO,1608251783,16
12/18/2020 12:28:13 AM,XPEV,12_17_1336.txt,"b'Thank you to NIO, XPEV, SQ, AMD and PLTR\xf0\x9f\x9a\x80",92,0.92,Gain,1608251293,9
12/18/2020 12:25:33 AM,SPCE,12_17_1336.txt,"b'I have kindergartens to draw with crayons for me, so I don\xe2\x80\x99t have to. SPCE go up",8,0.83,Technicals,1608251133,11
12/18/2020 12:14:30 AM,SKLZ,12_17_1336.txt,b'Skillz (SKLZ) Becomes First Publicly-Traded Mobile Esports Platform Following Merger 12/17,10,1,DD,1608250470,9
12/18/2020 12:11:17 AM,BNTX,12_17_1336.txt,b'BNTX and MRNA Long Hold,3,0.67,DD,1608250277,17
12/17/2020 11:55:19 PM,ROKU,12_17_1336.txt,b'ROKU triangle here,0,0.5,Technicals,1608249319,17
12/17/2020 11:35:25 PM,INTC,12_17_1336.txt,b'Why I am bullish on INTC,7,0.74,DD,1608248125,27
12/17/2020 9:15:19 PM,VOTE,12_17_1336.txt,b'G-HIV ANNOUNCES MERGER VOTE!! January 20th,46,0.93,Discussion,1608239719,22
12/17/2020 9:06:01 PM,CHWY,12_17_1336.txt,"b'CHWY 100c 1/15/21 @3.55, PT 100 (fibs), SL 90, Why I took CHWY here: fib bounce, short term trend line, sorry for repost changing PT level I think people will panic sell at the 100 ATH.",7,0.68,Technicals,1608239161,15
12/17/2020 8:25:36 PM,SHOP,12_17_1336.txt,b'$SHOP Breaking Out,24,0.71,Technicals,1608236736,9
12/17/2020 5:09:57 PM,PLTR,12_17_1336.txt,b'PLTR will moon soon. I got proof.,784,0.96,DD,1608224997,241
12/17/2020 4:57:47 PM,STLD,12_17_1336.txt,b'STLD (Steel Dynamics) as an alternative to MT and X for steel,19,0.75,DD,1608224267,30
12/22/2020 7:02:01 AM,PTON,12_21_1836.txt,b'PTON: The Becky Queen of the Fitness World,5,1,Stocks,1608620521,9
12/22/2020 7:01:04 AM,FEYE,12_21_1836.txt,b'FEYE Tendies,6,0.88,Gain,1608620464,3
12/22/2020 6:22:53 AM,VLDR,12_21_1836.txt,b'I\xe2\x80\x99ve been saying $VLDR to the moon for at least a week.,43,0.92,Gain,1608618173,22
12/22/2020 5:58:11 AM,CRSR,12_21_1836.txt,b'[CRSR] Catalyst + recent price upgrade by analysts =\xf0\x9f\x9a\x80\xf0\x9f\x9a\x80,24,0.91,DD,1608616691,19
12/22/2020 5:51:10 AM,HUGE,12_21_1836.txt,b'Another HUGE move in IRON today!! January $174?!? Insane!! VALE,36,0.94,Discussion,1608616270,26
12/22/2020 5:34:30 AM,MVIS,12_21_1836.txt,b'MVIS - ALL ABOARD THE LIDAR TRAIN,18,0.95,DD,1608615270,40
12/22/2020 5:31:40 AM,PLTR,12_21_1836.txt,b'PLTR - someone purchased $17mil in shares at close - here comes some FUEL boyzzzzz,257,0.96,Discussion,1608615100,66
12/22/2020 5:14:34 AM,TSLA,12_21_1836.txt,b'Genomics &gt;&gt;&gt; TSLA,28,0.87,DD,1608614074,19
12/22/2020 5:11:17 AM,GOEV,12_21_1836.txt,"b'Canoo to Trade Under Ticker ""GOEV"" on Nasdaq Beginning Tuesday, Dec. 22, 2020",56,0.96,Stocks,1608613877,32
12/22/2020 4:15:09 AM,PLUS,12_21_1836.txt,"b'Finished Steel Prices, China, Shortages &amp; Massive delays PLUS Ocean Freight increases",53,0.94,Discussion,1608610509,33
12/22/2020 3:17:19 AM,XPEV,12_21_1836.txt,b'XPEV Triangle Breakout Potential,11,0.68,Technicals,1608607039,19
12/22/2020 2:32:06 AM,PLTR,12_21_1836.txt,b'Even E*Trade is jumping on the PLTR bandwagon,77,0.94,Discussion,1608604326,11
12/22/2020 2:16:22 AM,PLTR,12_21_1836.txt,b'Big buyers are coming into the PLTR \xf0\x9f\x9a\x80 gang,348,0.97,Discussion,1608603382,63
12/22/2020 2:08:15 AM,MSFT,12_21_1836.txt,b'Citi raises price target for MSFT to 270 from a hold to a buy,35,0.93,Stocks,1608602895,15
12/22/2020 1:45:38 AM,QQQJ,12_21_1836.txt,"b'80K in QQQJ, Gains porn, Diamond Handing till Exp. (500 6/18 35 C)",32,0.93,Gain,1608601538,28
12/22/2020 1:38:57 AM,SEPT,12_21_1836.txt,b'SEPT. 2021 AAPL EV LAUNCH,23,0.8,YOLO,1608601137,50
12/22/2020 1:34:38 AM,LAZR,12_21_1836.txt,"b'LAZR $25,000 55% one day gain",120,0.95,Gain,1608600878,31
12/22/2020 1:12:57 AM,PLTR,12_21_1836.txt,"b""Everyone has it wrong. This is what $PLTR ACTUALLY does and why it's valuable.",353,0.91,DD,1608599577,137
12/22/2020 1:09:20 AM,SPAC,12_21_1836.txt,"b""$130,000 bet on Jay-Z's Weed SPAC ($SBVCF) Merging on January 15th (DD in Comments)",9,0.66,YOLO,1608599360,30
12/22/2020 12:25:00 AM,VLDR,12_21_1836.txt,b'$VLDR - Velodyne Joins the Qualcomm Smart Cities Accelerator Program,15,0.89,Discussion,1608596700,13
12/22/2020 12:16:15 AM,PLTR,12_21_1836.txt,"b'$182,000 on PLTR and TSLA",226,0.94,YOLO,1608596175,178
12/27/2020 5:48:09 AM,NWBO,12_26_1735.txt,b'NWBO,0,0.44,Discussion,1609048089,5
12/27/2020 5:17:41 AM,BABA,12_26_1735.txt,b'$BABA. 5 year weekly chart. Perhaps 200 is a better entry. We shall see.,14,0.94,Technicals,1609046261,26
12/27/2020 5:13:09 AM,PSTG,12_26_1735.txt,b'PSTG,5,0.73,Discussion,1609045989,3
12/27/2020 5:12:30 AM,WOOD,12_26_1735.txt,b'Petition to make CATHIE WOOD our *mama*,46,0.8,Discussion,1609045950,17
12/27/2020 4:31:58 AM,KEEP,12_26_1735.txt,b'TAXES!! HOW DO WE KEEP OUR MONEY!!! \xf0\x9f\x92\xb4 \xf0\x9f\x92\xb8\xf0\x9f\x92\xb0,14,0.89,Discussion,1609043518,23
12/27/2020 4:31:16 AM,FOMO,12_26_1735.txt,"b'GME is done rising no more FOMO, but you can still ride it back down for massive $$$$",0,0.03,DD,1609043476,49
12/27/2020 1:57:37 AM,BYND,12_26_1735.txt,"b'Stocks whose TA suggests a breakout: BBY, BYND, NVDA",23,0.83,Technicals,1609034257,21
12/27/2020 1:31:13 AM,AMZN,12_26_1735.txt,b'AMZN announcing holiday sales Monday!,39,0.93,YOLO,1609032673,41
12/27/2020 1:23:36 AM,GPRO,12_26_1735.txt,b'Goodbye GME - HELLO GPRO - RIDE THIS B to $20!!!,0,0.3,DD,1609032216,65
12/26/2020 9:48:20 PM,OPEN,12_26_1735.txt,"b'OPEN (IPOB), OAC YOLO Update - nearly $1MM gained since November - Another Double on Each Position?",32,0.86,YOLO,1609019300,18
12/26/2020 8:59:55 PM,MSFT,12_26_1735.txt,b'MSFT is working on EVs,75,0.84,Discussion,1609016395,60
12/26/2020 3:20:32 PM,AAPL,12_26_1735.txt,b'\xf0\x9f\x8c\x88\xf0\x9f\x90\xbbs convincing themselves AAPL doesn\xe2\x80\x99t know what they\xe2\x80\x99re doing,40,0.87,Stocks,1608996032,76
12/26/2020 2:36:38 PM,PLTR,12_26_1735.txt,b'PLTR lockdown expiration bullish thesis,74,0.87,DD,1608993398,32
12/26/2020 11:53:48 AM,SPCE,12_26_1735.txt,b'Going forward into 2021..To be retarded or not to be retarded. That is the question. Merry christmas boyz! SPCE YETI.,0,0.5,Gain,1608983628,13
12/26/2020 11:36:39 AM,PLTR,12_26_1735.txt,b'Why 2020 capitalism is not as weird as it seems and PLTR valuation is not as weird as it may seems,64,0.89,Fundamentals,1608982599,28
12/26/2020 11:21:07 AM,STIC,12_26_1735.txt,"b""Who's selling STIC tomorrow",3,0.56,Stocks,1608981667,21
12/26/2020 11:20:54 AM,NKLA,12_26_1735.txt,b'Why is NKLA valued higher than RIDE?,17,0.88,Fundamentals,1608981654,16
12/26/2020 11:05:46 AM,SDOW,12_26_1735.txt,b'Besides SDOW and SQQQ - What Are Other Short Shorts We Might All Wear Wear After This Boom Boom? Any Other Juicy ETF\xe2\x80\x99s We Could Discuss?,0,0.38,Discussion,1608980746,13
12/18/2020 3:06:15 AM,STRA,12_17_1448.txt,b'Putting $5k on STRA,3,1,Stocks,1608260775,7
12/18/2020 2:37:09 AM,FUBO,12_17_1448.txt,b'FUBO = Free Money,23,0.96,Gain,1608259029,18
12/18/2020 2:19:18 AM,KTPI,12_17_1448.txt,b'KTPI - Vaccine SZN,15,0.95,DD,1608257958,27
12/18/2020 2:10:38 AM,SKLZ,12_17_1448.txt,b'SKLZ to the moon,8,0.91,DD,1608257438,7
12/18/2020 1:49:23 AM,PLUG,12_17_1448.txt,b'PLUG: $1K to $130K. 7 years in the making. Sold a year ago and then FOMO\xe2\x80\x99ed 3 days later.,112,0.96,Gain,1608256163,27
12/18/2020 1:40:47 AM,TSLA,12_17_1448.txt,"b'In your face Cramer! Huge moment for me! TSLA, RUN, IRTC, TAN",46,0.97,Gain,1608255647,10
12/18/2020 1:30:43 AM,TIME,12_17_1448.txt,b'TIME TO GO ALL IN NVDA LEAPS,20,0.92,Technicals,1608255043,14
12/18/2020 1:03:31 AM,VALE,12_17_1448.txt,b'DD: Why you should be playing VALE instead of MT (if you had to choose one),57,0.86,DD,1608253411,46
12/18/2020 12:36:23 AM,HODL,12_17_1448.txt,b'HODL TIL EXPIRATION BABYYYYYY,38,0.98,YOLO,1608251783,19
12/18/2020 12:28:13 AM,XPEV,12_17_1448.txt,"b'Thank you to NIO, XPEV, SQ, AMD and PLTR\xf0\x9f\x9a\x80",113,0.92,Gain,1608251293,9
12/18/2020 12:25:33 AM,SPCE,12_17_1448.txt,"b'I have kindergartens to draw with crayons for me, so I don\xe2\x80\x99t have to. SPCE go up",7,0.77,Technicals,1608251133,12
12/18/2020 12:14:30 AM,SKLZ,12_17_1448.txt,b'Skillz (SKLZ) Becomes First Publicly-Traded Mobile Esports Platform Following Merger 12/17,10,0.91,DD,1608250470,12
12/18/2020 12:11:17 AM,BNTX,12_17_1448.txt,b'BNTX and MRNA Long Hold,3,0.67,DD,1608250277,17
12/17/2020 11:55:19 PM,ROKU,12_17_1448.txt,b'ROKU triangle here,2,0.58,Technicals,1608249319,16
12/17/2020 11:35:25 PM,INTC,12_17_1448.txt,b'Why I am bullish on INTC,9,0.8,DD,1608248125,27
12/17/2020 9:15:19 PM,VOTE,12_17_1448.txt,b'G-HIV ANNOUNCES MERGER VOTE!! January 20th,47,0.9,Discussion,1608239719,25
12/17/2020 9:06:01 PM,CHWY,12_17_1448.txt,"b'CHWY 100c 1/15/21 @3.55, PT 100 (fibs), SL 90, Why I took CHWY here: fib bounce, short term trend line, sorry for repost changing PT level I think people will panic sell at the 100 ATH.",11,0.76,Technicals,1608239161,15
12/20/2020 9:32:54 AM,QQQJ,12_19_2123.txt,b'Talk me out of YOLOing my life savings on QQQJ,1,0.54,DD,1608456774,16
12/20/2020 8:45:34 AM,TSLA,12_19_2123.txt,"b'Story Time: $TSLA, SP500, 2020 Bubble &amp; History",25,0.86,Storytime,1608453934,40
12/20/2020 8:42:42 AM,FOLD,12_19_2123.txt,b'buy Walgreens($WBA) at near all-time low as covid vaccine will increase their foot-traffic by TEN FOLD for a couple of years. Earnings in 2 weeks expecting a pre ER rally.,41,0.87,DD,1608453762,30
12/20/2020 7:48:42 AM,NOMI,12_19_2123.txt,"b'$NIO EC6 English youtube review - shows autopilot, NOMI, service center, heads-up display and more \xf0\x9f\x9a\x80 \xf0\x9f\x9a\x80 \xf0\x9f\x9a\x80",19,0.86,DD,1608450522,14
12/20/2020 7:05:05 AM,LAZR,12_19_2123.txt,b'In depth analysis of Luminar Technologies (LAZR),5,0.62,DD,1608447905,16
12/20/2020 6:28:58 AM,FCEL,12_19_2123.txt,b'FCEL bull flag breakout,13,1,Technicals,1608445738,25
12/20/2020 5:59:12 AM,QQQJ,12_19_2123.txt,b'QQQJ - Hidden gem with great prospects,321,0.86,Discussion,1608443952,136
12/20/2020 5:20:37 AM,NVAX,12_19_2123.txt,b'NVAX UK P3 Modeling (Results will come out next week with 90% plus efficacy),10,0.87,DD,1608441637,12
12/20/2020 5:09:35 AM,MSFT,12_19_2123.txt,"b'MSFT, Technicals",30,0.9,DD,1608440975,27
12/20/2020 4:44:39 AM,PLTR,12_19_2123.txt,"b'PLTR catalyst overview: Palantir is entering a new phase of public relations, selling, and growth.",180,0.94,DD,1608439479,82
12/20/2020 2:50:16 AM,FEYE,12_19_2123.txt,b'FEYE and Other Cyber Stonks on the rise - From Someone IN THE WEEDS - Threat Hunter DD,43,0.87,DD,1608432616,31
12/20/2020 2:30:48 AM,PLTR,12_19_2123.txt,b'$PLTR Wedge Breakout Soon $PLTR to $40 EOY,747,0.96,Technicals,1608431448,272
12/20/2020 1:40:10 AM,TSLA,12_19_2123.txt,b'Painful missed opportunity for a TSLA 20 bagger at close,42,0.8,Stocks,1608428410,55
12/20/2020 1:19:44 AM,PSTH,12_19_2123.txt,b'Buy $PSTH because the market doesn\xe2\x80\x99t understand warrants and the tontine structure. The price is still very cheap if you read below but as we get closer to Q1 2021 the price will be too expensive even with taking into account the warrants and tontine.,22,0.86,Discussion,1608427184,15
12/20/2020 12:42:32 AM,AMZN,12_19_2123.txt,b'Pricing everything as if they are the next AMZN (TSLA story),25,0.84,Discussion,1608424952,93
12/19/2020 10:34:11 PM,TLRY,12_19_2123.txt,b'TLRY YOLO,13,0.74,YOLO,1608417251,35
12/19/2020 10:20:35 PM,NYSE,12_19_2123.txt,b'Cathie Wood is going strong on Takeda Pharmaceutical Co Ltd (NYSE: TAK ). They got FDA approval for their drug yesterday,124,0.94,Stocks,1608416435,57
12/19/2020 9:18:31 PM,YOUR,12_19_2123.txt,"b'\xf0\x9f\x8c\x88 \xf0\x9f\x90\xbb SolarWinds (SWI) BUY YOUR PUTS\xf0\x9f\x8c\x88 \xf0\x9f\x90\xbb Negative Impacts, Negligence, CEO Dumps then Runs",48,0.89,DD,1608412711,76
12/19/2020 7:43:09 PM,DKNG,12_19_2123.txt,b'DKNG competitor loses merger due to not enough retail investors (aka WSB) not voting during shareholder meeting. Revote scheduled 12/29/20.,125,0.94,Discussion,1608406989,51
12/25/2020 3:46:34 AM,PLTR,12_24_1608.txt,b'PLTR: The Golden Child of WSB \xf0\x9f\x8f\x86,39,0.91,DD,1608867994,14
12/25/2020 3:36:26 AM,GILD,12_24_1608.txt,b'One of the most compelling speculative buyout plays: GILD,14,0.79,Discussion,1608867386,25
12/25/2020 3:29:57 AM,REAL,12_24_1608.txt,"b'As we end the year, remember: TAXES ARE A REAL THING.",39,0.93,Fundamentals,1608866997,37
12/25/2020 2:17:16 AM,BABA,12_24_1608.txt,"b'I thought BABA was it, until today I realized who is the baba.",83,0.95,Loss,1608862636,62
12/25/2020 2:09:11 AM,TLRY,12_24_1608.txt,"b""- [DD] Why I'm long $TLRY",16,0.87,DD,1608862151,25
12/25/2020 1:46:06 AM,WILD,12_24_1608.txt,b'\xf0\x9f\x8e\x85Bill Ackman Versus Carl Icahn - Circa 2013 - The Single Most WILD CNBC Segment of All-Time - Happy Holidays WSB! \xf0\x9f\x8e\x85,14,0.94,Discussion,1608860766,5
12/25/2020 1:20:31 AM,BABA,12_24_1608.txt,b'Well Rest in Poor $BABA,58,0.66,Loss,1608859231,43
12/25/2020 12:53:03 AM,BABA,12_24_1608.txt,"b""Hello $BABA holders, please don't $ROPE",99,0.91,DD,1608857583,61
12/24/2020 11:37:29 PM,STIC,12_24_1608.txt,"b'$200k+ gain in a day thanks to STIC. Bitches love spoiling their dogs, long BarkBox \xf0\x9f\x90\xb6 Also get your dicks ready for a Christmas story as I chronicle my journey from $40k to $1.6M+ (40x) in a year thanks to WSB",1412,0.93,Gain,1608853049,300
12/24/2020 11:15:38 PM,BABA,12_24_1608.txt,b'All I know is BABA pain,85,0.97,Loss,1608851738,20
12/24/2020 11:07:52 PM,BABA,12_24_1608.txt,b'What to do when BABA rips you a new one all month? Short the other way and make it a Xmas puts miracle - 84k in profit. Fuck BABA,149,0.97,Gain,1608851272,25
12/24/2020 10:57:12 PM,BABY,12_24_1608.txt,b'RMG BABY,31,0.93,Gain,1608850632,14
12/24/2020 10:35:08 PM,FSLR,12_24_1608.txt,b'FSLR will Outshine its Peers into 2021,13,0.93,DD,1608849308,9
12/24/2020 10:22:35 PM,SPAC,12_24_1608.txt,"b'$BFT (FoleyTrasimene II), SPAC to become Paysafe",33,0.84,DD,1608848555,23
12/24/2020 10:18:14 PM,BABA,12_24_1608.txt,"b""Merry Christmas, here's my DD on BABA",53,0.93,DD,1608848294,27
12/24/2020 9:32:18 PM,NKLA,12_24_1608.txt,b'NKLA is fucked. Lion Electric to potentially gain the contracts and if so the MOON is waiting for us,28,0.9,DD,1608845538,13
12/24/2020 9:28:07 PM,OPEN,12_24_1608.txt,b'$OPEN - The queen Cathie Woods keeps on buying OPEN on the dips and holding onto her position for Ark . Can\xe2\x80\x99t wait for this \xf0\x9f\x9a\x80\xf0\x9f\x9a\x80\xf0\x9f\x9a\x80,37,0.83,Stocks,1608845287,36
12/24/2020 8:55:32 PM,FCEL,12_24_1608.txt,"b'Nikola Stock Crash | Alibaba Stock Plunges | FCEL, DKNG &amp; PENN | Stock Market News for Today [12-24]",89,0.93,Discussion,1608843332,36
